frequency,raw,smoothed,error,error_smoothed,equalization,parametric_eq,fixed_band_eq,equalized_raw,equalized_smoothed,target
20.00,5.25,5.25,1.19,1.20,-1.19,-2.41,-1.10,4.06,4.06,4.06
20.20,5.30,5.30,1.21,1.21,-1.20,-2.41,-1.13,4.09,4.09,4.09
20.40,5.34,5.34,1.22,1.22,-1.22,-2.41,-1.16,4.12,4.12,4.12
20.61,5.38,5.38,1.24,1.23,-1.23,-2.41,-1.20,4.15,4.15,4.14
20.81,5.42,5.42,1.25,1.25,-1.25,-2.42,-1.23,4.17,4.17,4.17
21.02,5.46,5.46,1.26,1.27,-1.27,-2.42,-1.27,4.19,4.19,4.20
21.23,5.50,5.50,1.29,1.29,-1.30,-2.42,-1.30,4.21,4.21,4.21
21.44,5.54,5.54,1.32,1.32,-1.32,-2.42,-1.34,4.22,4.22,4.22
21.66,5.59,5.58,1.36,1.36,-1.35,-2.43,-1.38,4.23,4.23,4.23
21.87,5.62,5.62,1.39,1.39,-1.39,-2.43,-1.42,4.24,4.24,4.23
22.09,5.66,5.66,1.42,1.42,-1.42,-2.43,-1.46,4.24,4.24,4.24
22.31,5.70,5.70,1.46,1.46,-1.46,-2.43,-1.50,4.24,4.24,4.24
22.54,5.74,5.74,1.50,1.50,-1.50,-2.43,-1.55,4.24,4.24,4.24
22.76,5.78,5.78,1.54,1.54,-1.54,-2.44,-1.59,4.24,4.24,4.24
22.99,5.81,5.81,1.58,1.58,-1.58,-2.44,-1.64,4.24,4.24,4.23
23.22,5.85,5.85,1.62,1.62,-1.62,-2.44,-1.68,4.23,4.24,4.23
23.45,5.89,5.89,1.66,1.66,-1.65,-2.45,-1.73,4.23,4.23,4.23
23.69,5.92,5.92,1.69,1.69,-1.69,-2.45,-1.78,4.23,4.23,4.23
23.92,5.96,5.96,1.73,1.73,-1.73,-2.45,-1.83,4.23,4.23,4.23
24.16,5.99,5.99,1.76,1.76,-1.76,-2.45,-1.88,4.23,4.23,4.23
24.40,6.02,6.02,1.79,1.80,-1.80,-2.46,-1.93,4.23,4.23,4.23
24.65,6.06,6.06,1.84,1.83,-1.83,-2.46,-1.98,4.23,4.23,4.22
24.89,6.09,6.09,1.87,1.87,-1.86,-2.46,-2.03,4.23,4.22,4.22
25.14,6.12,6.12,1.90,1.90,-1.90,-2.47,-2.09,4.22,4.22,4.22
25.39,6.15,6.15,1.93,1.93,-1.93,-2.47,-2.14,4.22,4.22,4.22
25.65,6.18,6.18,1.96,1.96,-1.97,-2.48,-2.19,4.21,4.21,4.22
25.91,6.21,6.21,2.00,2.00,-2.00,-2.48,-2.25,4.21,4.21,4.21
26.16,6.24,6.24,2.03,2.03,-2.03,-2.48,-2.30,4.21,4.21,4.21
26.43,6.28,6.28,2.07,2.07,-2.07,-2.49,-2.35,4.21,4.21,4.21
26.69,6.32,6.31,2.11,2.10,-2.10,-2.49,-2.41,4.22,4.21,4.21
26.96,6.35,6.34,2.14,2.14,-2.14,-2.50,-2.46,4.21,4.21,4.21
27.23,6.37,6.37,2.17,2.17,-2.17,-2.50,-2.51,4.20,4.20,4.20
27.50,6.39,6.39,2.19,2.20,-2.20,-2.51,-2.56,4.19,4.19,4.20
27.77,6.42,6.42,2.23,2.23,-2.23,-2.51,-2.60,4.19,4.19,4.19
28.05,6.45,6.45,2.26,2.26,-2.26,-2.51,-2.65,4.19,4.19,4.19
28.33,6.48,6.48,2.30,2.29,-2.29,-2.52,-2.69,4.19,4.19,4.18
28.62,6.50,6.50,2.32,2.32,-2.32,-2.53,-2.74,4.18,4.18,4.18
28.90,6.52,6.52,2.34,2.34,-2.34,-2.53,-2.78,4.17,4.18,4.18
29.19,6.54,6.54,2.37,2.37,-2.37,-2.54,-2.81,4.17,4.17,4.17
29.48,6.56,6.56,2.39,2.39,-2.39,-2.54,-2.85,4.17,4.17,4.17
29.78,6.58,6.58,2.42,2.42,-2.42,-2.55,-2.88,4.17,4.16,4.16
30.08,6.60,6.60,2.44,2.44,-2.44,-2.56,-2.91,4.16,4.16,4.16
30.38,6.61,6.61,2.46,2.46,-2.46,-2.56,-2.93,4.15,4.15,4.15
30.68,6.63,6.63,2.48,2.49,-2.49,-2.57,-2.95,4.14,4.14,4.15
30.99,6.65,6.65,2.51,2.51,-2.52,-2.58,-2.97,4.14,4.14,4.14
31.30,6.68,6.67,2.55,2.54,-2.54,-2.58,-2.98,4.13,4.13,4.13
31.61,6.70,6.70,2.57,2.57,-2.57,-2.59,-2.99,4.13,4.13,4.13
31.93,6.71,6.72,2.59,2.60,-2.59,-2.60,-3.00,4.12,4.13,4.12
32.24,6.73,6.73,2.62,2.62,-2.61,-2.61,-3.00,4.12,4.12,4.11
32.57,6.74,6.74,2.63,2.64,-2.64,-2.62,-3.00,4.11,4.11,4.11
32.89,6.76,6.76,2.66,2.66,-2.66,-2.63,-3.00,4.10,4.10,4.10
33.22,6.77,6.77,2.68,2.68,-2.68,-2.64,-2.99,4.09,4.09,4.09
33.55,6.78,6.78,2.69,2.70,-2.70,-2.64,-2.98,4.08,4.08,4.09
33.89,6.80,6.80,2.72,2.72,-2.72,-2.66,-2.97,4.08,4.08,4.08
34.23,6.81,6.81,2.74,2.74,-2.74,-2.67,-2.95,4.07,4.07,4.07
34.57,6.82,6.82,2.76,2.76,-2.76,-2.68,-2.93,4.06,4.06,4.06
34.92,6.83,6.84,2.78,2.79,-2.79,-2.69,-2.91,4.05,4.05,4.05
35.27,6.85,6.85,2.81,2.81,-2.81,-2.70,-2.89,4.04,4.04,4.04
35.62,6.86,6.86,2.83,2.83,-2.83,-2.71,-2.87,4.04,4.03,4.03
35.97,6.88,6.87,2.86,2.85,-2.85,-2.73,-2.85,4.03,4.02,4.02
36.33,6.88,6.88,2.87,2.87,-2.87,-2.74,-2.82,4.01,4.01,4.01
36.70,6.88,6.88,2.88,2.88,-2.88,-2.76,-2.80,4.00,4.00,4.00
37.06,6.89,6.89,2.90,2.90,-2.90,-2.77,-2.77,3.99,3.99,3.99
37.43,6.90,6.90,2.92,2.92,-2.92,-2.79,-2.75,3.98,3.98,3.98
37.81,6.90,6.90,2.93,2.93,-2.94,-2.80,-2.72,3.97,3.97,3.97
38.19,6.91,6.91,2.95,2.95,-2.96,-2.82,-2.70,3.96,3.95,3.96
38.57,6.92,6.92,2.97,2.97,-2.98,-2.84,-2.68,3.94,3.94,3.95
38.95,6.93,6.93,2.99,3.00,-3.00,-2.86,-2.65,3.93,3.93,3.94
39.34,6.94,6.94,3.02,3.02,-3.02,-2.88,-2.63,3.93,3.93,3.92
39.74,6.96,6.96,3.05,3.05,-3.04,-2.90,-2.61,3.92,3.92,3.91
40.14,6.96,6.96,3.06,3.06,-3.05,-2.92,-2.59,3.91,3.91,3.90
40.54,6.96,6.96,3.07,3.07,-3.07,-2.94,-2.57,3.89,3.89,3.89
40.94,6.96,6.97,3.08,3.09,-3.09,-2.96,-2.55,3.88,3.88,3.88
41.35,6.97,6.97,3.10,3.10,-3.10,-2.98,-2.54,3.87,3.87,3.87
41.76,6.97,6.97,3.11,3.11,-3.12,-3.01,-2.52,3.86,3.86,3.86
42.18,6.98,6.98,3.13,3.13,-3.13,-3.03,-2.51,3.85,3.85,3.85
42.60,6.98,6.98,3.14,3.14,-3.15,-3.05,-2.50,3.84,3.84,3.84
43.03,6.99,6.99,3.16,3.16,-3.17,-3.08,-2.49,3.82,3.82,3.83
43.46,7.00,7.00,3.19,3.19,-3.19,-3.10,-2.48,3.81,3.81,3.81
43.90,7.00,7.00,3.21,3.21,-3.21,-3.12,-2.48,3.79,3.79,3.79
44.33,7.00,7.00,3.23,3.24,-3.23,-3.15,-2.47,3.77,3.77,3.77
44.78,7.01,7.01,3.26,3.26,-3.25,-3.17,-2.47,3.76,3.76,3.75
45.23,7.01,7.01,3.28,3.28,-3.27,-3.19,-2.47,3.75,3.74,3.73
45.68,7.01,7.00,3.29,3.29,-3.28,-3.22,-2.47,3.73,3.73,3.72
46.13,6.99,6.99,3.29,3.29,-3.29,-3.24,-2.48,3.70,3.71,3.70
46.60,6.98,6.98,3.29,3.29,-3.30,-3.25,-2.48,3.68,3.68,3.69
47.06,6.96,6.97,3.30,3.29,-3.30,-3.27,-2.49,3.66,3.66,3.67
47.53,6.95,6.95,3.30,3.30,-3.31,-3.29,-2.50,3.64,3.64,3.65
48.01,6.94,6.94,3.30,3.31,-3.32,-3.30,-2.51,3.63,3.63,3.64
48.49,6.93,6.93,3.32,3.32,-3.32,-3.31,-2.52,3.60,3.60,3.61
48.97,6.91,6.91,3.33,3.33,-3.33,-3.31,-2.54,3.58,3.58,3.58
49.46,6.89,6.89,3.34,3.34,-3.34,-3.32,-2.55,3.56,3.56,3.55
49.96,6.87,6.87,3.35,3.35,-3.34,-3.32,-2.57,3.53,3.53,3.52
50.46,6.85,6.85,3.35,3.35,-3.34,-3.32,-2.59,3.51,3.50,3.50
50.96,6.82,6.82,3.34,3.34,-3.34,-3.31,-2.61,3.48,3.48,3.48
51.47,6.78,6.78,3.33,3.33,-3.33,-3.30,-2.63,3.45,3.45,3.45
51.99,6.75,6.75,3.32,3.32,-3.32,-3.29,-2.65,3.42,3.43,3.43
52.51,6.72,6.72,3.31,3.31,-3.31,-3.28,-2.67,3.41,3.41,3.41
53.03,6.69,6.69,3.30,3.30,-3.30,-3.27,-2.70,3.39,3.39,3.39
53.56,6.65,6.65,3.29,3.28,-3.28,-3.25,-2.72,3.37,3.37,3.36
54.10,6.60,6.60,3.26,3.26,-3.26,-3.23,-2.75,3.34,3.34,3.34
54.64,6.55,6.55,3.24,3.24,-3.24,-3.21,-2.77,3.31,3.31,3.31
55.18,6.51,6.51,3.22,3.22,-3.22,-3.18,-2.80,3.28,3.28,3.29
55.74,6.46,6.46,3.20,3.20,-3.20,-3.16,-2.83,3.26,3.26,3.26
56.29,6.41,6.41,3.17,3.17,-3.17,-3.14,-2.85,3.24,3.24,3.24
56.86,6.36,6.36,3.14,3.15,-3.14,-3.11,-2.88,3.22,3.22,3.22
57.42,6.31,6.31,3.12,3.11,-3.11,-3.08,-2.91,3.20,3.20,3.19
58.00,6.25,6.25,3.08,3.08,-3.08,-3.05,-2.93,3.17,3.17,3.17
58.58,6.20,6.20,3.05,3.05,-3.05,-3.02,-2.96,3.15,3.15,3.15
59.16,6.14,6.14,3.01,3.01,-3.01,-2.99,-2.98,3.13,3.13,3.13
59.76,6.08,6.08,2.97,2.97,-2.97,-2.96,-3.00,3.10,3.10,3.11
60.35,6.01,6.01,2.93,2.93,-2.94,-2.93,-3.03,3.08,3.08,3.08
60.96,5.95,5.94,2.90,2.90,-2.90,-2.90,-3.05,3.05,3.05,3.05
61.57,5.87,5.87,2.86,2.86,-2.86,-2.86,-3.07,3.02,3.02,3.01
62.18,5.80,5.80,2.82,2.82,-2.81,-2.83,-3.09,2.98,2.98,2.98
62.80,5.72,5.72,2.77,2.78,-2.77,-2.79,-3.11,2.95,2.95,2.95
63.43,5.65,5.65,2.73,2.73,-2.73,-2.75,-3.13,2.92,2.92,2.92
64.07,5.58,5.58,2.69,2.69,-2.69,-2.71,-3.15,2.89,2.89,2.89
64.71,5.51,5.51,2.64,2.64,-2.64,-2.67,-3.16,2.87,2.87,2.87
65.35,5.44,5.44,2.60,2.60,-2.60,-2.63,-3.18,2.84,2.84,2.84
66.01,5.38,5.38,2.57,2.57,-2.57,-2.58,-3.19,2.81,2.81,2.81
66.67,5.31,5.31,2.53,2.53,-2.53,-2.54,-3.21,2.78,2.78,2.78
67.33,5.25,5.25,2.50,2.50,-2.50,-2.51,-3.22,2.75,2.75,2.75
68.01,5.19,5.19,2.47,2.47,-2.47,-2.47,-3.23,2.72,2.72,2.72
68.69,5.14,5.14,2.45,2.45,-2.45,-2.45,-3.25,2.69,2.69,2.69
69.37,5.10,5.10,2.44,2.44,-2.43,-2.43,-3.26,2.66,2.66,2.66
70.07,5.06,5.06,2.43,2.42,-2.42,-2.42,-3.28,2.64,2.63,2.63
70.77,5.02,5.02,2.42,2.42,-2.42,-2.43,-3.29,2.60,2.60,2.60
71.48,4.99,4.99,2.42,2.42,-2.43,-2.45,-3.31,2.56,2.56,2.57
72.19,4.97,4.97,2.44,2.44,-2.44,-2.48,-3.32,2.53,2.53,2.53
72.91,4.96,4.96,2.46,2.47,-2.47,-2.53,-3.34,2.48,2.49,2.50
73.64,4.97,4.97,2.51,2.51,-2.52,-2.58,-3.36,2.45,2.45,2.46
74.38,5.00,4.99,2.57,2.57,-2.57,-2.64,-3.38,2.43,2.42,2.43
75.12,5.02,5.03,2.63,2.64,-2.64,-2.71,-3.40,2.38,2.39,2.39
75.87,5.08,5.08,2.72,2.72,-2.72,-2.79,-3.42,2.37,2.36,2.36
76.63,5.14,5.14,2.81,2.81,-2.80,-2.87,-3.45,2.34,2.34,2.33
77.40,5.21,5.21,2.91,2.91,-2.90,-2.96,-3.47,2.31,2.31,2.30
78.17,5.28,5.28,3.02,3.01,-3.01,-3.05,-3.50,2.27,2.27,2.26
78.95,5.35,5.36,3.12,3.13,-3.13,-3.15,-3.53,2.23,2.23,2.23
79.74,5.44,5.44,3.24,3.25,-3.26,-3.26,-3.57,2.19,2.19,2.20
80.54,5.55,5.55,3.39,3.39,-3.40,-3.37,-3.60,2.15,2.15,2.16
81.35,5.66,5.67,3.53,3.54,-3.55,-3.49,-3.64,2.11,2.11,2.13
82.16,5.80,5.80,3.71,3.71,-3.72,-3.62,-3.68,2.08,2.08,2.09
82.98,5.94,5.94,3.89,3.89,-3.90,-3.76,-3.73,2.04,2.04,2.06
83.81,6.10,6.10,4.08,4.08,-4.09,-3.92,-3.77,2.01,2.01,2.02
84.65,6.25,6.25,4.27,4.27,-4.28,-4.08,-3.82,1.97,1.98,1.98
85.50,6.40,6.41,4.45,4.46,-4.46,-4.25,-3.88,1.94,1.95,1.95
86.35,6.55,6.55,4.64,4.64,-4.64,-4.43,-3.93,1.92,1.91,1.91
87.22,6.68,6.67,4.81,4.80,-4.79,-4.60,-3.99,1.88,1.88,1.87
88.09,6.76,6.77,4.93,4.94,-4.93,-4.76,-4.05,1.83,1.84,1.83
88.97,6.84,6.83,5.05,5.04,-5.02,-4.87,-4.12,1.82,1.80,1.79
89.86,6.85,6.86,5.10,5.11,-5.09,-4.96,-4.18,1.77,1.77,1.75
90.76,6.83,6.84,5.13,5.14,-5.11,-4.97,-4.26,1.72,1.74,1.70
91.66,6.81,6.77,5.15,5.12,-5.09,-4.96,-4.33,1.72,1.69,1.66
92.58,6.65,6.66,5.04,5.05,-5.03,-4.90,-4.41,1.63,1.63,1.61
93.51,6.50,6.52,4.93,4.95,-4.93,-4.81,-4.49,1.57,1.59,1.57
94.44,6.34,6.34,4.81,4.81,-4.81,-4.71,-4.57,1.54,1.53,1.53
95.39,6.17,6.15,4.69,4.67,-4.66,-4.60,-4.66,1.51,1.49,1.48
96.34,5.93,5.94,4.50,4.51,-4.50,-4.51,-4.74,1.43,1.44,1.43
97.30,5.72,5.72,4.34,4.34,-4.34,-4.42,-4.83,1.38,1.38,1.38
98.28,5.52,5.51,4.19,4.18,-4.20,-4.35,-4.93,1.32,1.31,1.33
99.26,5.32,5.33,4.03,4.04,-4.09,-4.29,-5.02,1.23,1.24,1.29
100.25,5.18,5.18,3.94,3.94,-4.00,-4.26,-5.12,1.18,1.19,1.24
101.25,5.08,5.09,3.89,3.90,-3.94,-4.22,-5.22,1.14,1.15,1.19
102.27,5.04,5.04,3.90,3.90,-3.91,-4.21,-5.32,1.13,1.13,1.14
103.29,5.02,5.01,3.93,3.92,-3.91,-4.20,-5.42,1.11,1.10,1.09
104.32,5.01,5.01,3.96,3.96,-3.95,-4.21,-5.52,1.06,1.06,1.05
105.37,5.01,5.01,4.01,4.01,-4.00,-4.22,-5.62,1.01,1.01,1.00
106.42,5.02,5.02,4.07,4.07,-4.07,-4.25,-5.71,0.95,0.96,0.95
107.48,5.05,5.05,4.15,4.15,-4.15,-4.28,-5.81,0.90,0.90,0.90
108.56,5.08,5.08,4.23,4.23,-4.23,-4.32,-5.91,0.85,0.85,0.85
109.64,5.12,5.12,4.32,4.32,-4.32,-4.36,-6.00,0.80,0.80,0.80
110.74,5.17,5.17,4.42,4.42,-4.41,-4.41,-6.09,0.75,0.75,0.75
111.85,5.21,5.21,4.51,4.51,-4.51,-4.47,-6.18,0.70,0.70,0.70
112.97,5.26,5.26,4.62,4.61,-4.61,-4.53,-6.25,0.65,0.65,0.64
114.10,5.30,5.30,4.71,4.71,-4.71,-4.60,-6.33,0.59,0.59,0.59
115.24,5.35,5.35,4.82,4.81,-4.82,-4.67,-6.39,0.53,0.53,0.53
116.39,5.39,5.39,4.91,4.92,-4.92,-4.74,-6.46,0.48,0.48,0.48
117.55,5.44,5.44,5.02,5.02,-5.02,-4.83,-6.51,0.42,0.42,0.42
118.73,5.49,5.49,5.12,5.12,-5.12,-4.91,-6.55,0.37,0.37,0.37
119.92,5.54,5.54,5.22,5.22,-5.22,-5.00,-6.58,0.32,0.32,0.32
121.12,5.59,5.59,5.32,5.32,-5.31,-5.09,-6.61,0.28,0.28,0.27
122.33,5.63,5.63,5.41,5.41,-5.40,-5.19,-6.62,0.23,0.23,0.22
123.55,5.67,5.67,5.50,5.50,-5.50,-5.29,-6.63,0.17,0.17,0.17
124.79,5.70,5.70,5.58,5.58,-5.59,-5.39,-6.61,0.11,0.12,0.12
126.03,5.74,5.73,5.67,5.67,-5.68,-5.49,-6.60,0.06,0.06,0.07
127.29,5.77,5.77,5.75,5.75,-5.76,-5.60,-6.56,0.01,0.01,0.02
128.57,5.80,5.80,5.84,5.84,-5.85,-5.71,-6.52,-0.04,-0.04,-0.04
129.85,5.84,5.84,5.93,5.93,-5.93,-5.81,-6.46,-0.09,-0.08,-0.09
131.15,5.88,5.88,6.02,6.02,-6.01,-5.92,-6.40,-0.13,-0.13,-0.14
132.46,5.91,5.90,6.10,6.09,-6.08,-6.03,-6.32,-0.18,-0.18,-0.19
133.79,5.92,5.92,6.15,6.16,-6.16,-6.13,-6.24,-0.23,-0.23,-0.23
135.12,5.94,5.94,6.22,6.22,-6.23,-6.23,-6.15,-0.29,-0.29,-0.28
136.48,5.96,5.96,6.28,6.28,-6.29,-6.33,-6.05,-0.34,-0.33,-0.32
137.84,5.98,5.98,6.35,6.35,-6.35,-6.43,-5.94,-0.37,-0.37,-0.37
139.22,5.99,5.99,6.41,6.40,-6.40,-6.52,-5.83,-0.41,-0.41,-0.42
140.61,5.99,6.00,6.45,6.45,-6.44,-6.59,-5.71,-0.45,-0.45,-0.46
142.02,5.99,5.99,6.48,6.49,-6.48,-6.67,-5.58,-0.49,-0.49,-0.49
143.44,5.99,5.98,6.52,6.51,-6.51,-6.73,-5.45,-0.53,-0.53,-0.53
144.87,5.96,5.97,6.53,6.53,-6.54,-6.79,-5.32,-0.57,-0.57,-0.57
146.32,5.94,5.94,6.55,6.55,-6.55,-6.82,-5.18,-0.61,-0.61,-0.61
147.78,5.91,5.91,6.55,6.56,-6.56,-6.86,-5.05,-0.65,-0.65,-0.64
149.26,5.88,5.88,6.56,6.56,-6.56,-6.86,-4.91,-0.69,-0.69,-0.68
150.75,5.84,5.84,6.56,6.56,-6.56,-6.87,-4.77,-0.72,-0.72,-0.72
152.26,5.78,5.79,6.55,6.55,-6.55,-6.85,-4.63,-0.76,-0.76,-0.76
153.78,5.73,5.73,6.53,6.53,-6.53,-6.82,-4.49,-0.80,-0.80,-0.80
155.32,5.66,5.66,6.50,6.50,-6.50,-6.77,-4.35,-0.83,-0.83,-0.84
156.88,5.58,5.59,6.46,6.47,-6.46,-6.71,-4.20,-0.87,-0.87,-0.88
158.44,5.51,5.49,6.43,6.41,-6.41,-6.63,-4.06,-0.90,-0.91,-0.92
160.03,5.39,5.38,6.35,6.34,-6.34,-6.54,-3.93,-0.96,-0.96,-0.96
161.63,5.25,5.26,6.25,6.26,-6.27,-6.43,-3.79,-1.02,-1.01,-1.00
163.24,5.13,5.15,6.17,6.19,-6.19,-6.31,-3.65,-1.06,-1.04,-1.04
164.88,5.04,5.03,6.11,6.10,-6.11,-6.18,-3.52,-1.06,-1.07,-1.07
166.53,4.92,4.90,6.03,6.01,-6.01,-6.04,-3.38,-1.09,-1.11,-1.11
168.19,4.74,4.76,5.89,5.91,-5.91,-5.88,-3.25,-1.17,-1.15,-1.15
169.87,4.59,4.60,5.78,5.79,-5.79,-5.72,-3.12,-1.20,-1.20,-1.19
171.57,4.45,4.44,5.68,5.67,-5.67,-5.54,-3.00,-1.23,-1.23,-1.23
173.29,4.28,4.28,5.54,5.54,-5.54,-5.36,-2.87,-1.26,-1.26,-1.26
175.02,4.11,4.10,5.41,5.40,-5.39,-5.17,-2.75,-1.28,-1.29,-1.30
176.77,3.89,3.89,5.23,5.23,-5.23,-4.98,-2.62,-1.34,-1.34,-1.34
178.54,3.67,3.68,5.05,5.06,-5.05,-4.78,-2.50,-1.39,-1.38,-1.38
180.32,3.45,3.45,4.87,4.87,-4.86,-4.58,-2.38,-1.42,-1.41,-1.42
182.13,3.23,3.21,4.68,4.67,-4.65,-4.37,-2.27,-1.43,-1.44,-1.45
183.95,2.96,2.96,4.45,4.45,-4.43,-4.16,-2.15,-1.47,-1.47,-1.49
185.79,2.68,2.69,4.20,4.21,-4.20,-3.95,-2.04,-1.53,-1.51,-1.52
187.65,2.40,2.40,3.96,3.96,-3.97,-3.73,-1.93,-1.56,-1.57,-1.56
189.52,2.12,2.11,3.71,3.70,-3.72,-3.50,-1.82,-1.61,-1.62,-1.59
191.42,1.81,1.82,3.43,3.44,-3.48,-3.28,-1.72,-1.67,-1.65,-1.62
193.33,1.54,1.53,3.19,3.18,-3.22,-3.05,-1.61,-1.68,-1.68,-1.65
195.27,1.26,1.28,2.94,2.96,-2.95,-2.82,-1.51,-1.69,-1.67,-1.68
197.22,0.99,1.00,2.70,2.71,-2.66,-2.58,-1.41,-1.67,-1.67,-1.71
199.19,0.75,0.68,2.49,2.42,-2.37,-2.33,-1.31,-1.62,-1.69,-1.74
201.18,0.30,0.35,2.06,2.11,-2.07,-2.09,-1.21,-1.78,-1.73,-1.76
203.19,-0.02,-0.01,1.76,1.77,-1.77,-1.84,-1.11,-1.79,-1.78,-1.78
205.23,-0.35,-0.38,1.45,1.42,-1.45,-1.58,-1.02,-1.80,-1.83,-1.80
207.28,-0.70,-0.70,1.11,1.11,-1.13,-1.32,-0.93,-1.83,-1.83,-1.81
209.35,-1.05,-1.03,0.78,0.80,-0.81,-1.05,-0.84,-1.86,-1.84,-1.83
211.44,-1.34,-1.34,0.51,0.50,-0.51,-0.78,-0.75,-1.84,-1.85,-1.85
213.56,-1.63,-1.64,0.23,0.22,-0.22,-0.50,-0.67,-1.85,-1.86,-1.86
215.69,-1.93,-1.93,-0.07,-0.07,0.06,-0.23,-0.59,-1.87,-1.87,-1.86
217.85,-2.21,-2.20,-0.34,-0.33,0.31,0.04,-0.51,-1.90,-1.88,-1.87
220.03,-2.45,-2.43,-0.57,-0.56,0.55,0.32,-0.43,-1.90,-1.88,-1.88
222.23,-2.63,-2.65,-0.74,-0.76,0.78,0.58,-0.36,-1.85,-1.87,-1.89
224.45,-2.84,-2.85,-0.95,-0.96,0.98,0.83,-0.28,-1.86,-1.87,-1.89
226.70,-3.05,-3.05,-1.16,-1.16,1.17,1.07,-0.22,-1.89,-1.89,-1.89
228.96,-3.25,-3.24,-1.36,-1.35,1.33,1.29,-0.15,-1.92,-1.91,-1.89
231.25,-3.37,-3.38,-1.49,-1.49,1.46,1.47,-0.09,-1.91,-1.91,-1.88
233.57,-3.48,-3.48,-1.60,-1.60,1.58,1.64,-0.03,-1.90,-1.89,-1.88
235.90,-3.54,-3.55,-1.66,-1.67,1.68,1.75,0.03,-1.86,-1.87,-1.88
238.26,-3.60,-3.60,-1.73,-1.73,1.75,1.85,0.08,-1.85,-1.85,-1.87
240.64,-3.64,-3.65,-1.78,-1.78,1.80,1.89,0.12,-1.84,-1.85,-1.86
243.05,-3.66,-3.67,-1.81,-1.82,1.82,1.92,0.17,-1.84,-1.85,-1.85
245.48,-3.69,-3.67,-1.85,-1.83,1.82,1.89,0.21,-1.87,-1.85,-1.84
247.93,-3.63,-3.64,-1.80,-1.81,1.79,1.85,0.25,-1.84,-1.85,-1.83
250.41,-3.57,-3.58,-1.75,-1.76,1.74,1.77,0.28,-1.83,-1.84,-1.82
252.92,-3.51,-3.49,-1.71,-1.69,1.67,1.68,0.31,-1.83,-1.82,-1.80
255.45,-3.38,-3.39,-1.60,-1.60,1.58,1.58,0.33,-1.80,-1.80,-1.78
258.00,-3.25,-3.25,-1.48,-1.49,1.48,1.47,0.36,-1.77,-1.77,-1.77
260.58,-3.11,-3.11,-1.36,-1.36,1.38,1.35,0.37,-1.74,-1.73,-1.75
263.19,-2.97,-2.97,-1.24,-1.24,1.27,1.23,0.39,-1.70,-1.70,-1.73
265.82,-2.84,-2.85,-1.13,-1.14,1.16,1.11,0.40,-1.68,-1.68,-1.71
268.48,-2.74,-2.73,-1.05,-1.04,1.06,0.99,0.41,-1.67,-1.67,-1.69
271.16,-2.64,-2.64,-0.97,-0.97,0.97,0.88,0.42,-1.66,-1.66,-1.67
273.87,-2.55,-2.55,-0.90,-0.90,0.89,0.78,0.42,-1.65,-1.65,-1.65
276.61,-2.46,-2.46,-0.83,-0.83,0.82,0.68,0.42,-1.64,-1.64,-1.63
279.38,-2.37,-2.37,-0.76,-0.76,0.76,0.59,0.42,-1.61,-1.61,-1.61
282.17,-2.29,-2.29,-0.70,-0.70,0.70,0.51,0.41,-1.59,-1.59,-1.59
284.99,-2.21,-2.21,-0.64,-0.64,0.64,0.43,0.41,-1.57,-1.57,-1.57
287.84,-2.13,-2.13,-0.58,-0.58,0.58,0.36,0.40,-1.55,-1.55,-1.55
290.72,-2.05,-2.05,-0.52,-0.52,0.52,0.30,0.39,-1.53,-1.53,-1.53
293.63,-1.98,-1.98,-0.47,-0.47,0.46,0.24,0.37,-1.52,-1.52,-1.51
296.57,-1.90,-1.90,-0.41,-0.41,0.40,0.19,0.36,-1.49,-1.49,-1.49
299.53,-1.82,-1.82,-0.35,-0.35,0.35,0.14,0.35,-1.47,-1.47,-1.47
302.53,-1.73,-1.74,-0.28,-0.29,0.29,0.10,0.33,-1.44,-1.44,-1.45
305.55,-1.66,-1.66,-0.24,-0.23,0.24,0.06,0.32,-1.42,-1.42,-1.42
308.61,-1.58,-1.58,-0.18,-0.19,0.19,0.02,0.30,-1.39,-1.39,-1.40
311.69,-1.51,-1.51,-0.14,-0.14,0.14,-0.01,0.28,-1.37,-1.37,-1.37
314.81,-1.44,-1.44,-0.10,-0.10,0.10,-0.03,0.26,-1.35,-1.35,-1.34
317.96,-1.38,-1.38,-0.06,-0.06,0.05,-0.06,0.24,-1.32,-1.32,-1.32
321.14,-1.32,-1.32,-0.01,-0.02,0.01,-0.08,0.23,-1.30,-1.30,-1.30
324.35,-1.25,-1.25,0.03,0.03,-0.03,-0.10,0.21,-1.28,-1.28,-1.28
327.59,-1.19,-1.19,0.07,0.07,-0.07,-0.12,0.19,-1.26,-1.26,-1.26
330.87,-1.13,-1.13,0.11,0.11,-0.11,-0.13,0.17,-1.24,-1.24,-1.24
334.18,-1.07,-1.08,0.15,0.14,-0.14,-0.14,0.15,-1.22,-1.22,-1.22
337.52,-1.02,-1.02,0.18,0.18,-0.18,-0.16,0.13,-1.20,-1.20,-1.20
340.90,-0.97,-0.96,0.21,0.22,-0.21,-0.17,0.11,-1.18,-1.18,-1.18
344.30,-0.91,-0.92,0.25,0.25,-0.24,-0.17,0.09,-1.15,-1.16,-1.16
347.75,-0.87,-0.87,0.27,0.27,-0.27,-0.18,0.07,-1.14,-1.14,-1.14
351.23,-0.83,-0.83,0.29,0.29,-0.30,-0.19,0.05,-1.13,-1.12,-1.12
354.74,-0.79,-0.79,0.31,0.32,-0.32,-0.19,0.03,-1.11,-1.11,-1.10
358.28,-0.75,-0.75,0.34,0.34,-0.35,-0.20,0.01,-1.09,-1.09,-1.09
361.87,-0.70,-0.70,0.37,0.37,-0.37,-0.20,-0.01,-1.07,-1.07,-1.07
365.49,-0.67,-0.66,0.39,0.39,-0.38,-0.20,-0.03,-1.05,-1.05,-1.05
369.14,-0.63,-0.63,0.41,0.41,-0.40,-0.20,-0.05,-1.03,-1.03,-1.04
372.83,-0.59,-0.60,0.43,0.43,-0.41,-0.21,-0.06,-1.00,-1.01,-1.02
376.56,-0.58,-0.58,0.43,0.43,-0.43,-0.21,-0.08,-1.00,-1.01,-1.01
380.33,-0.57,-0.56,0.42,0.43,-0.44,-0.21,-0.10,-1.00,-1.00,-0.99
384.13,-0.55,-0.54,0.43,0.44,-0.45,-0.21,-0.12,-1.00,-0.99,-0.98
387.97,-0.51,-0.52,0.46,0.45,-0.46,-0.20,-0.14,-0.98,-0.98,-0.97
391.85,-0.48,-0.48,0.48,0.47,-0.47,-0.20,-0.15,-0.95,-0.96,-0.96
395.77,-0.45,-0.45,0.49,0.49,-0.48,-0.20,-0.17,-0.94,-0.94,-0.94
399.73,-0.43,-0.43,0.50,0.50,-0.50,-0.20,-0.19,-0.93,-0.93,-0.93
403.72,-0.41,-0.41,0.51,0.51,-0.51,-0.20,-0.20,-0.92,-0.92,-0.92
407.76,-0.38,-0.38,0.53,0.53,-0.53,-0.19,-0.22,-0.91,-0.91,-0.91
411.84,-0.36,-0.36,0.54,0.54,-0.54,-0.19,-0.24,-0.90,-0.90,-0.90
415.96,-0.34,-0.34,0.55,0.55,-0.55,-0.19,-0.25,-0.89,-0.89,-0.89
420.12,-0.32,-0.32,0.56,0.56,-0.56,-0.19,-0.27,-0.88,-0.88,-0.88
424.32,-0.31,-0.31,0.56,0.56,-0.56,-0.18,-0.28,-0.87,-0.87,-0.87
428.56,-0.29,-0.29,0.57,0.57,-0.57,-0.18,-0.29,-0.86,-0.86,-0.86
432.85,-0.28,-0.28,0.57,0.57,-0.57,-0.17,-0.31,-0.85,-0.85,-0.85
437.18,-0.27,-0.27,0.57,0.57,-0.57,-0.17,-0.32,-0.84,-0.84,-0.84
441.55,-0.26,-0.26,0.56,0.57,-0.57,-0.17,-0.33,-0.83,-0.82,-0.82
445.96,-0.25,-0.25,0.56,0.56,-0.56,-0.16,-0.34,-0.81,-0.81,-0.81
450.42,-0.24,-0.24,0.56,0.56,-0.56,-0.16,-0.35,-0.79,-0.79,-0.80
454.93,-0.24,-0.24,0.54,0.55,-0.55,-0.15,-0.36,-0.78,-0.78,-0.78
459.48,-0.24,-0.24,0.53,0.53,-0.54,-0.15,-0.37,-0.77,-0.77,-0.77
464.07,-0.24,-0.23,0.52,0.52,-0.52,-0.14,-0.38,-0.76,-0.76,-0.76
468.71,-0.24,-0.24,0.50,0.51,-0.50,-0.14,-0.39,-0.74,-0.74,-0.74
473.40,-0.24,-0.24,0.49,0.49,-0.48,-0.13,-0.39,-0.72,-0.72,-0.73
478.13,-0.25,-0.25,0.46,0.46,-0.45,-0.13,-0.40,-0.70,-0.70,-0.71
482.91,-0.26,-0.26,0.44,0.43,-0.43,-0.12,-0.40,-0.69,-0.69,-0.70
487.74,-0.28,-0.28,0.40,0.40,-0.40,-0.12,-0.41,-0.68,-0.68,-0.68
492.62,-0.30,-0.30,0.36,0.36,-0.37,-0.11,-0.41,-0.67,-0.67,-0.66
497.55,-0.32,-0.31,0.33,0.33,-0.35,-0.11,-0.41,-0.67,-0.66,-0.65
502.52,-0.32,-0.32,0.31,0.31,-0.33,-0.10,-0.41,-0.65,-0.64,-0.63
507.55,-0.31,-0.32,0.31,0.30,-0.30,-0.09,-0.41,-0.62,-0.62,-0.62
512.62,-0.31,-0.31,0.29,0.29,-0.28,-0.09,-0.40,-0.59,-0.59,-0.60
517.75,-0.31,-0.31,0.27,0.27,-0.26,-0.08,-0.40,-0.58,-0.57,-0.58
522.93,-0.31,-0.31,0.25,0.25,-0.25,-0.08,-0.39,-0.56,-0.56,-0.56
528.16,-0.32,-0.32,0.23,0.23,-0.22,-0.07,-0.39,-0.54,-0.54,-0.55
533.44,-0.33,-0.33,0.20,0.20,-0.20,-0.06,-0.38,-0.53,-0.53,-0.53
538.77,-0.33,-0.34,0.18,0.17,-0.17,-0.06,-0.37,-0.51,-0.51,-0.51
544.16,-0.35,-0.35,0.14,0.14,-0.14,-0.05,-0.36,-0.49,-0.49,-0.49
549.60,-0.36,-0.36,0.11,0.11,-0.11,-0.04,-0.35,-0.48,-0.48,-0.47
555.10,-0.38,-0.38,0.08,0.08,-0.08,-0.03,-0.34,-0.46,-0.46,-0.46
560.65,-0.39,-0.39,0.05,0.05,-0.05,-0.02,-0.33,-0.44,-0.44,-0.44
566.25,-0.40,-0.40,0.02,0.02,-0.03,-0.01,-0.32,-0.43,-0.43,-0.42
571.92,-0.41,-0.41,-0.00,-0.00,-0.00,-0.01,-0.30,-0.41,-0.41,-0.41
577.64,-0.42,-0.42,-0.02,-0.03,0.02,0.00,-0.29,-0.40,-0.40,-0.40
583.41,-0.43,-0.43,-0.05,-0.05,0.05,0.01,-0.28,-0.38,-0.38,-0.38
589.25,-0.44,-0.44,-0.07,-0.07,0.08,0.02,-0.26,-0.37,-0.36,-0.37
595.14,-0.45,-0.45,-0.10,-0.10,0.10,0.04,-0.25,-0.35,-0.35,-0.35
601.09,-0.46,-0.46,-0.12,-0.12,0.13,0.05,-0.23,-0.33,-0.33,-0.34
607.10,-0.47,-0.47,-0.15,-0.15,0.16,0.06,-0.22,-0.32,-0.32,-0.32
613.17,-0.49,-0.49,-0.19,-0.19,0.18,0.07,-0.20,-0.31,-0.31,-0.30
619.30,-0.50,-0.49,-0.22,-0.21,0.21,0.09,-0.18,-0.29,-0.29,-0.28
625.50,-0.50,-0.50,-0.24,-0.23,0.23,0.10,-0.17,-0.27,-0.27,-0.26
631.75,-0.50,-0.50,-0.25,-0.25,0.25,0.12,-0.15,-0.24,-0.25,-0.25
638.07,-0.50,-0.50,-0.27,-0.27,0.27,0.13,-0.13,-0.23,-0.23,-0.23
644.45,-0.50,-0.50,-0.28,-0.28,0.29,0.15,-0.12,-0.21,-0.21,-0.22
650.89,-0.51,-0.51,-0.31,-0.30,0.30,0.17,-0.10,-0.20,-0.20,-0.20
657.40,-0.51,-0.51,-0.32,-0.32,0.32,0.19,-0.08,-0.19,-0.19,-0.19
663.98,-0.51,-0.51,-0.34,-0.33,0.33,0.21,-0.06,-0.18,-0.18,-0.17
670.62,-0.50,-0.50,-0.34,-0.34,0.34,0.23,-0.05,-0.16,-0.16,-0.16
677.32,-0.50,-0.50,-0.35,-0.35,0.35,0.26,-0.03,-0.15,-0.15,-0.15
684.10,-0.49,-0.49,-0.35,-0.35,0.36,0.28,-0.01,-0.13,-0.13,-0.14
690.94,-0.48,-0.48,-0.36,-0.36,0.36,0.30,0.01,-0.12,-0.12,-0.12
697.85,-0.48,-0.48,-0.37,-0.37,0.37,0.33,0.03,-0.11,-0.11,-0.11
704.83,-0.48,-0.48,-0.38,-0.38,0.37,0.35,0.04,-0.10,-0.10,-0.10
711.87,-0.47,-0.47,-0.38,-0.38,0.38,0.37,0.06,-0.09,-0.09,-0.09
718.99,-0.47,-0.47,-0.39,-0.39,0.39,0.40,0.08,-0.08,-0.08,-0.08
726.18,-0.46,-0.46,-0.39,-0.39,0.39,0.42,0.10,-0.07,-0.07,-0.07
733.44,-0.45,-0.45,-0.39,-0.40,0.40,0.44,0.12,-0.05,-0.05,-0.06
740.78,-0.45,-0.45,-0.41,-0.41,0.41,0.45,0.13,-0.04,-0.04,-0.04
748.19,-0.45,-0.45,-0.42,-0.41,0.41,0.47,0.15,-0.03,-0.03,-0.03
755.67,-0.45,-0.45,-0.42,-0.42,0.42,0.47,0.17,-0.03,-0.03,-0.03
763.23,-0.44,-0.44,-0.42,-0.42,0.42,0.48,0.19,-0.02,-0.02,-0.02
770.86,-0.43,-0.43,-0.42,-0.42,0.42,0.48,0.21,-0.01,-0.01,-0.01
778.57,-0.42,-0.42,-0.42,-0.42,0.42,0.47,0.22,-0.00,-0.00,-0.00
786.35,-0.41,-0.41,-0.42,-0.41,0.41,0.46,0.24,0.01,0.01,0.01
794.22,-0.39,-0.39,-0.40,-0.41,0.41,0.45,0.26,0.01,0.01,0.01
802.16,-0.38,-0.38,-0.40,-0.40,0.39,0.44,0.28,0.02,0.02,0.02
810.18,-0.36,-0.36,-0.39,-0.38,0.38,0.42,0.30,0.02,0.02,0.03
818.28,-0.33,-0.33,-0.36,-0.37,0.37,0.40,0.31,0.03,0.03,0.03
826.46,-0.31,-0.31,-0.35,-0.35,0.35,0.39,0.33,0.04,0.04,0.04
834.73,-0.29,-0.29,-0.33,-0.33,0.33,0.37,0.35,0.04,0.04,0.04
843.08,-0.27,-0.27,-0.32,-0.31,0.32,0.35,0.36,0.05,0.05,0.05
851.51,-0.25,-0.25,-0.30,-0.30,0.30,0.33,0.38,0.06,0.05,0.05
860.02,-0.23,-0.23,-0.29,-0.28,0.29,0.31,0.40,0.06,0.06,0.06
868.62,-0.21,-0.21,-0.27,-0.27,0.27,0.29,0.41,0.06,0.06,0.06
877.31,-0.19,-0.19,-0.26,-0.26,0.26,0.27,0.43,0.07,0.07,0.07
886.08,-0.17,-0.17,-0.25,-0.25,0.25,0.26,0.44,0.08,0.08,0.08
894.94,-0.15,-0.15,-0.24,-0.24,0.23,0.24,0.45,0.08,0.08,0.09
903.89,-0.13,-0.13,-0.22,-0.23,0.22,0.23,0.47,0.09,0.09,0.09
912.93,-0.11,-0.11,-0.21,-0.21,0.21,0.22,0.48,0.10,0.10,0.10
922.06,-0.10,-0.09,-0.20,-0.20,0.20,0.21,0.49,0.11,0.11,0.11
931.28,-0.08,-0.08,-0.19,-0.19,0.19,0.19,0.50,0.12,0.12,0.11
940.59,-0.06,-0.06,-0.18,-0.18,0.19,0.18,0.51,0.13,0.13,0.12
950.00,-0.05,-0.05,-0.18,-0.18,0.18,0.18,0.52,0.13,0.13,0.13
959.50,-0.04,-0.04,-0.18,-0.18,0.18,0.17,0.52,0.14,0.14,0.14
969.09,-0.03,-0.03,-0.19,-0.19,0.19,0.16,0.53,0.15,0.15,0.16
978.78,-0.02,-0.02,-0.19,-0.19,0.19,0.15,0.53,0.17,0.17,0.17
988.57,-0.01,-0.01,-0.19,-0.20,0.20,0.15,0.54,0.19,0.19,0.18
998.46,-0.00,-0.00,-0.20,-0.20,0.20,0.14,0.54,0.20,0.20,0.20
1008.44,0.01,0.01,-0.21,-0.21,0.21,0.14,0.54,0.21,0.21,0.22
1018.53,0.02,0.02,-0.22,-0.22,0.21,0.13,0.54,0.23,0.23,0.24
1028.71,0.04,0.04,-0.22,-0.22,0.21,0.13,0.54,0.25,0.25,0.26
1039.00,0.07,0.07,-0.21,-0.21,0.21,0.13,0.53,0.28,0.28,0.28
1049.39,0.09,0.09,-0.21,-0.21,0.22,0.12,0.53,0.31,0.31,0.30
1059.88,0.11,0.11,-0.21,-0.21,0.22,0.12,0.52,0.33,0.33,0.32
1070.48,0.14,0.14,-0.21,-0.21,0.22,0.12,0.52,0.36,0.36,0.35
1081.19,0.16,0.15,-0.22,-0.23,0.22,0.12,0.51,0.38,0.38,0.38
1092.00,0.17,0.17,-0.23,-0.23,0.23,0.11,0.50,0.40,0.40,0.41
1102.92,0.19,0.20,-0.25,-0.24,0.23,0.11,0.49,0.42,0.43,0.44
1113.95,0.24,0.23,-0.23,-0.24,0.23,0.11,0.48,0.47,0.47,0.47
1125.09,0.28,0.27,-0.23,-0.24,0.24,0.11,0.47,0.51,0.51,0.51
1136.34,0.32,0.32,-0.23,-0.24,0.24,0.11,0.46,0.56,0.55,0.55
1147.70,0.35,0.35,-0.25,-0.24,0.24,0.11,0.45,0.59,0.59,0.60
1159.18,0.39,0.39,-0.25,-0.25,0.24,0.11,0.43,0.63,0.64,0.64
1170.77,0.43,0.44,-0.25,-0.25,0.25,0.11,0.42,0.68,0.68,0.68
1182.48,0.48,0.48,-0.25,-0.25,0.25,0.11,0.41,0.73,0.73,0.73
1194.30,0.52,0.52,-0.26,-0.26,0.26,0.11,0.39,0.79,0.78,0.78
1206.25,0.56,0.56,-0.27,-0.27,0.28,0.11,0.38,0.83,0.84,0.83
1218.31,0.59,0.59,-0.30,-0.29,0.29,0.11,0.36,0.89,0.89,0.89
1230.49,0.62,0.62,-0.32,-0.32,0.32,0.11,0.35,0.94,0.94,0.94
1242.80,0.65,0.65,-0.34,-0.34,0.35,0.11,0.33,1.00,1.00,0.99
1255.22,0.68,0.68,-0.37,-0.37,0.38,0.12,0.32,1.06,1.06,1.05
1267.78,0.70,0.70,-0.41,-0.41,0.42,0.12,0.30,1.11,1.11,1.11
1280.45,0.72,0.72,-0.45,-0.46,0.46,0.12,0.28,1.17,1.17,1.17
1293.26,0.74,0.74,-0.50,-0.50,0.50,0.12,0.27,1.23,1.23,1.24
1306.19,0.77,0.76,-0.53,-0.54,0.53,0.12,0.25,1.30,1.30,1.30
1319.25,0.80,0.80,-0.57,-0.57,0.57,0.12,0.23,1.37,1.37,1.37
1332.45,0.83,0.83,-0.61,-0.61,0.61,0.13,0.22,1.44,1.44,1.44
1345.77,0.88,0.88,-0.63,-0.64,0.63,0.13,0.20,1.51,1.51,1.51
1359.23,0.92,0.93,-0.66,-0.66,0.65,0.13,0.18,1.58,1.58,1.58
1372.82,0.98,0.98,-0.68,-0.68,0.67,0.13,0.17,1.65,1.65,1.66
1386.55,1.05,1.04,-0.68,-0.68,0.68,0.14,0.15,1.72,1.72,1.73
1400.41,1.11,1.12,-0.69,-0.69,0.68,0.14,0.13,1.80,1.80,1.80
1414.42,1.19,1.19,-0.68,-0.68,0.69,0.14,0.12,1.88,1.88,1.87
1428.56,1.28,1.27,-0.67,-0.67,0.68,0.14,0.10,1.96,1.96,1.95
1442.85,1.36,1.35,-0.66,-0.67,0.67,0.15,0.08,2.03,2.03,2.02
1457.28,1.43,1.43,-0.66,-0.66,0.66,0.15,0.07,2.09,2.09,2.09
1471.85,1.50,1.51,-0.66,-0.65,0.64,0.15,0.05,2.14,2.15,2.16
1486.57,1.60,1.60,-0.63,-0.63,0.62,0.16,0.04,2.22,2.22,2.23
1501.43,1.71,1.71,-0.60,-0.60,0.59,0.16,0.02,2.31,2.30,2.31
1516.45,1.83,1.84,-0.57,-0.56,0.56,0.17,0.00,2.39,2.40,2.40
1531.61,1.96,1.96,-0.51,-0.52,0.53,0.17,-0.01,2.49,2.49,2.48
1546.93,2.10,2.09,-0.47,-0.48,0.49,0.17,-0.03,2.58,2.58,2.57
1562.40,2.22,2.22,-0.44,-0.44,0.44,0.18,-0.04,2.67,2.66,2.66
1578.02,2.34,2.35,-0.41,-0.40,0.40,0.18,-0.06,2.74,2.74,2.75
1593.80,2.47,2.47,-0.36,-0.36,0.35,0.19,-0.07,2.82,2.83,2.83
1609.74,2.62,2.61,-0.31,-0.32,0.31,0.19,-0.09,2.92,2.92,2.93
1625.84,2.76,2.76,-0.27,-0.26,0.26,0.20,-0.10,3.02,3.03,3.03
1642.10,2.92,2.92,-0.21,-0.21,0.22,0.20,-0.12,3.14,3.14,3.13
1658.52,3.08,3.07,-0.16,-0.16,0.17,0.21,-0.13,3.25,3.25,3.24
1675.10,3.22,3.22,-0.12,-0.12,0.13,0.21,-0.14,3.35,3.35,3.34
1691.85,3.36,3.36,-0.08,-0.09,0.09,0.22,-0.15,3.45,3.44,3.44
1708.77,3.49,3.49,-0.06,-0.06,0.05,0.23,-0.16,3.54,3.54,3.55
1725.86,3.63,3.64,-0.03,-0.02,0.01,0.23,-0.17,3.64,3.65,3.66
1743.12,3.79,3.79,0.01,0.02,-0.02,0.24,-0.18,3.77,3.77,3.78
1760.55,3.96,3.95,0.07,0.05,-0.05,0.24,-0.19,3.91,3.89,3.89
1778.15,4.09,4.09,0.08,0.08,-0.08,0.25,-0.19,4.01,4.01,4.01
1795.94,4.22,4.23,0.10,0.11,-0.10,0.26,-0.20,4.12,4.13,4.12
1813.90,4.36,4.37,0.12,0.12,-0.12,0.27,-0.20,4.24,4.24,4.24
1832.03,4.51,4.50,0.15,0.14,-0.14,0.27,-0.20,4.36,4.36,4.36
1850.36,4.64,4.64,0.15,0.15,-0.16,0.28,-0.20,4.48,4.48,4.49
1868.86,4.77,4.77,0.16,0.16,-0.17,0.29,-0.20,4.60,4.60,4.61
1887.55,4.90,4.90,0.17,0.17,-0.17,0.30,-0.19,4.72,4.73,4.73
1906.42,5.03,5.03,0.18,0.18,-0.17,0.31,-0.18,4.86,4.86,4.85
1925.49,5.17,5.16,0.19,0.18,-0.16,0.32,-0.17,5.00,5.00,4.98
1944.74,5.28,5.28,0.17,0.17,-0.15,0.33,-0.16,5.13,5.13,5.11
1964.19,5.37,5.38,0.13,0.14,-0.13,0.34,-0.15,5.24,5.25,5.24
1983.83,5.47,5.47,0.11,0.10,-0.11,0.35,-0.13,5.36,5.36,5.36
2003.67,5.55,5.55,0.06,0.07,-0.08,0.36,-0.11,5.47,5.47,5.49
2023.71,5.64,5.64,0.05,0.04,-0.06,0.37,-0.09,5.58,5.58,5.59
2043.94,5.72,5.72,0.02,0.02,-0.03,0.38,-0.06,5.69,5.69,5.70
2064.38,5.81,5.81,-0.00,0.00,-0.00,0.40,-0.04,5.81,5.81,5.81
2085.03,5.89,5.89,-0.02,-0.02,0.03,0.41,-0.01,5.92,5.92,5.91
2105.88,5.97,5.97,-0.05,-0.05,0.05,0.42,0.03,6.02,6.02,6.02
2126.94,6.05,6.05,-0.07,-0.08,0.08,0.44,0.06,6.13,6.13,6.12
2148.20,6.12,6.12,-0.11,-0.11,0.11,0.45,0.10,6.23,6.23,6.23
2169.69,6.19,6.19,-0.14,-0.14,0.14,0.47,0.14,6.33,6.33,6.33
2191.38,6.26,6.26,-0.17,-0.17,0.17,0.49,0.18,6.43,6.43,6.43
2213.30,6.32,6.32,-0.21,-0.21,0.21,0.50,0.23,6.53,6.53,6.53
2235.43,6.39,6.39,-0.25,-0.25,0.25,0.52,0.27,6.63,6.63,6.64
2257.78,6.45,6.45,-0.29,-0.29,0.29,0.54,0.32,6.74,6.74,6.74
2280.36,6.51,6.51,-0.32,-0.33,0.33,0.56,0.37,6.84,6.84,6.83
2303.17,6.56,6.56,-0.37,-0.37,0.38,0.58,0.43,6.94,6.94,6.93
2326.20,6.61,6.60,-0.42,-0.43,0.43,0.60,0.48,7.03,7.03,7.03
2349.46,6.64,6.64,-0.49,-0.48,0.48,0.62,0.54,7.12,7.12,7.13
2372.95,6.68,6.68,-0.53,-0.53,0.53,0.65,0.59,7.21,7.21,7.21
2396.68,6.70,6.70,-0.59,-0.59,0.59,0.67,0.65,7.29,7.29,7.29
2420.65,6.72,6.72,-0.64,-0.64,0.65,0.70,0.72,7.37,7.37,7.36
2444.86,6.73,6.73,-0.71,-0.71,0.71,0.73,0.78,7.44,7.44,7.44
2469.31,6.74,6.74,-0.77,-0.78,0.77,0.76,0.84,7.51,7.51,7.51
2494.00,6.74,6.74,-0.85,-0.85,0.83,0.79,0.91,7.57,7.57,7.59
2518.94,6.74,6.75,-0.92,-0.91,0.90,0.82,0.98,7.64,7.65,7.66
2544.13,6.75,6.75,-0.97,-0.97,0.97,0.86,1.05,7.72,7.72,7.72
2569.57,6.75,6.75,-1.03,-1.04,1.05,0.89,1.12,7.80,7.80,7.78
2595.27,6.73,6.73,-1.12,-1.12,1.14,0.93,1.19,7.87,7.87,7.85
2621.22,6.70,6.70,-1.21,-1.21,1.23,0.97,1.26,7.93,7.93,7.91
2647.43,6.66,6.66,-1.31,-1.31,1.33,1.01,1.34,7.99,7.99,7.97
2673.90,6.61,6.60,-1.42,-1.43,1.43,1.06,1.42,8.04,8.03,8.03
2700.64,6.55,6.55,-1.53,-1.53,1.53,1.11,1.49,8.08,8.08,8.08
2727.65,6.50,6.50,-1.64,-1.63,1.62,1.16,1.57,8.12,8.12,8.14
2754.93,6.48,6.47,-1.71,-1.72,1.70,1.21,1.66,8.18,8.17,8.19
2782.48,6.45,6.46,-1.79,-1.78,1.77,1.27,1.74,8.22,8.23,8.24
2810.30,6.46,6.47,-1.83,-1.82,1.81,1.33,1.82,8.27,8.28,8.29
2838.40,6.50,6.49,-1.83,-1.84,1.83,1.40,1.91,8.32,8.32,8.33
2866.79,6.53,6.53,-1.83,-1.83,1.82,1.47,2.00,8.35,8.35,8.36
2895.46,6.59,6.58,-1.81,-1.82,1.79,1.54,2.09,8.37,8.37,8.40
2924.41,6.64,6.65,-1.79,-1.78,1.74,1.62,2.18,8.38,8.38,8.43
2953.65,6.73,6.75,-1.73,-1.71,1.67,1.70,2.27,8.40,8.42,8.46
2983.19,6.87,6.86,-1.63,-1.64,1.62,1.79,2.37,8.49,8.48,8.50
3013.02,6.99,6.97,-1.54,-1.56,1.58,1.89,2.46,8.56,8.55,8.53
3043.15,7.03,7.05,-1.54,-1.52,1.57,1.99,2.56,8.60,8.61,8.57
3073.58,7.08,7.07,-1.52,-1.53,1.60,2.10,2.66,8.68,8.67,8.60
3104.32,7.04,7.04,-1.60,-1.60,1.68,2.22,2.76,8.72,8.72,8.64
3135.36,6.95,6.94,-1.72,-1.73,1.81,2.34,2.86,8.76,8.74,8.67
3166.72,6.74,6.73,-1.96,-1.96,1.98,2.47,2.96,8.72,8.71,8.70
3198.38,6.47,6.45,-2.24,-2.26,2.19,2.61,3.07,8.66,8.65,8.71
3230.37,6.10,6.12,-2.63,-2.60,2.44,2.76,3.17,8.54,8.56,8.73
3262.67,5.78,5.78,-2.96,-2.96,2.70,2.92,3.28,8.48,8.48,8.74
3295.30,5.44,5.44,-3.32,-3.32,2.97,3.09,3.38,8.41,8.41,8.76
3328.25,5.11,5.11,-3.66,-3.66,3.24,3.27,3.49,8.35,8.35,8.77
3361.53,4.78,4.79,-4.00,-3.99,3.51,3.46,3.59,8.29,8.30,8.78
3395.15,4.43,4.46,-4.35,-4.32,3.77,3.66,3.69,8.20,8.23,8.78
3429.10,4.16,4.13,-4.62,-4.64,4.03,3.87,3.79,8.19,8.16,8.78
3463.39,3.76,3.78,-5.01,-4.99,4.29,4.09,3.89,8.05,8.07,8.77
3498.03,3.40,3.38,-5.37,-5.39,4.57,4.31,3.99,7.97,7.96,8.77
3533.01,2.90,2.89,-5.87,-5.88,4.85,4.54,4.08,7.75,7.74,8.77
3568.34,2.38,2.36,-6.38,-6.39,5.11,4.77,4.17,7.49,7.47,8.76
3604.02,1.73,1.78,-7.00,-6.96,5.35,5.00,4.26,7.08,7.13,8.73
3640.06,1.22,1.17,-7.49,-7.54,5.56,5.23,4.34,6.78,6.73,8.71
3676.46,0.58,0.57,-8.11,-8.11,5.73,5.44,4.42,6.31,6.30,8.69
3713.22,0.01,0.03,-8.65,-8.63,5.86,5.64,4.49,5.88,5.89,8.66
3750.36,-0.46,-0.45,-9.10,-9.08,5.96,5.81,4.55,5.50,5.51,8.64
3787.86,-0.79,-0.78,-9.39,-9.38,6.02,5.96,4.61,5.23,5.23,8.60
3825.74,-1.00,-0.99,-9.56,-9.56,6.06,6.07,4.65,5.06,5.06,8.56
3864.00,-1.05,-1.07,-9.57,-9.59,6.08,6.14,4.69,5.03,5.01,8.52
3902.64,-1.02,-1.00,-9.50,-9.48,6.08,6.16,4.72,5.06,5.08,8.48
3941.66,-0.79,-0.77,-9.24,-9.22,6.06,6.15,4.74,5.27,5.29,8.45
3981.08,-0.41,-0.41,-8.82,-8.81,6.02,6.08,4.75,5.61,5.61,8.41
4020.89,0.09,0.09,-8.26,-8.27,5.96,5.98,4.75,6.05,6.05,8.36
4061.10,0.60,0.61,-7.70,-7.69,5.86,5.83,4.75,6.46,6.47,8.30
4101.71,1.19,1.12,-7.05,-7.12,5.73,5.66,4.73,6.91,6.85,8.24
4142.73,1.57,1.61,-6.62,-6.58,5.55,5.46,4.70,7.13,7.16,8.19
4184.15,2.05,2.08,-6.08,-6.05,5.34,5.25,4.67,7.39,7.42,8.13
4226.00,2.52,2.48,-5.55,-5.59,5.09,5.02,4.62,7.61,7.58,8.07
4268.26,2.91,2.90,-5.10,-5.11,4.83,4.79,4.57,7.73,7.72,8.01
4310.94,3.19,3.24,-4.74,-4.69,4.55,4.55,4.51,7.74,7.80,7.93
4354.05,3.57,3.53,-4.28,-4.33,4.29,4.32,4.44,7.85,7.81,7.85
4397.59,3.76,3.75,-4.02,-4.02,4.04,4.09,4.36,7.80,7.79,7.78
4441.56,3.91,3.92,-3.79,-3.78,3.82,3.87,4.28,7.73,7.74,7.70
4485.98,4.02,4.02,-3.60,-3.60,3.62,3.66,4.20,7.63,7.64,7.62
4530.84,4.12,4.12,-3.42,-3.42,3.43,3.45,4.11,7.55,7.55,7.54
4576.15,4.19,4.19,-3.26,-3.26,3.27,3.26,4.02,7.46,7.46,7.45
4621.91,4.25,4.26,-3.12,-3.11,3.12,3.08,3.92,7.37,7.38,7.37
4668.13,4.31,4.31,-2.97,-2.98,2.98,2.91,3.82,7.29,7.29,7.28
4714.81,4.35,4.34,-2.84,-2.85,2.85,2.74,3.72,7.19,7.19,7.19
4761.96,4.37,4.37,-2.74,-2.73,2.71,2.60,3.62,7.08,7.08,7.11
4809.58,4.40,4.42,-2.61,-2.60,2.56,2.45,3.51,6.96,6.98,7.01
4857.67,4.48,4.48,-2.44,-2.44,2.41,2.33,3.41,6.89,6.89,6.92
4906.25,4.57,4.57,-2.26,-2.26,2.24,2.20,3.30,6.82,6.81,6.83
4955.31,4.66,4.66,-2.07,-2.07,2.07,2.09,3.20,6.73,6.73,6.73
5004.87,4.75,4.75,-1.89,-1.89,1.89,1.99,3.10,6.64,6.64,6.64
5054.91,4.85,4.85,-1.71,-1.71,1.71,1.89,2.99,6.55,6.55,6.56
5105.46,4.94,4.94,-1.54,-1.54,1.53,1.80,2.89,6.47,6.47,6.48
5156.52,5.03,5.03,-1.38,-1.37,1.36,1.73,2.79,6.39,6.39,6.41
5208.08,5.12,5.11,-1.21,-1.22,1.21,1.65,2.69,6.33,6.32,6.33
5260.16,5.16,5.17,-1.09,-1.08,1.09,1.59,2.59,6.25,6.26,6.25
5312.77,5.20,5.19,-0.97,-0.98,1.01,1.53,2.50,6.21,6.20,6.17
5365.89,5.17,5.17,-0.92,-0.93,0.97,1.49,2.40,6.14,6.14,6.09
5419.55,5.09,5.09,-0.92,-0.92,0.98,1.45,2.31,6.07,6.07,6.01
5473.75,4.98,4.96,-0.96,-0.97,1.03,1.42,2.22,6.01,6.00,5.94
5528.49,4.78,4.78,-1.08,-1.08,1.12,1.39,2.13,5.91,5.90,5.86
5583.77,4.57,4.56,-1.21,-1.23,1.24,1.38,2.04,5.81,5.80,5.78
5639.61,4.32,4.33,-1.40,-1.39,1.37,1.38,1.96,5.69,5.70,5.72
5696.00,4.10,4.11,-1.55,-1.54,1.51,1.39,1.87,5.61,5.62,5.65
5752.96,3.92,3.92,-1.67,-1.67,1.62,1.40,1.79,5.54,5.55,5.59
5810.49,3.78,3.78,-1.75,-1.75,1.71,1.43,1.71,5.49,5.49,5.53
5868.60,3.66,3.67,-1.81,-1.80,1.76,1.47,1.63,5.42,5.43,5.47
5927.28,3.61,3.60,-1.80,-1.81,1.76,1.51,1.56,5.37,5.36,5.41
5986.56,3.56,3.57,-1.78,-1.77,1.72,1.55,1.48,5.27,5.29,5.34
6046.42,3.56,3.58,-1.70,-1.68,1.64,1.57,1.41,5.20,5.22,5.26
6106.89,3.61,3.61,-1.56,-1.57,1.55,1.59,1.34,5.16,5.16,5.17
6167.96,3.66,3.65,-1.42,-1.43,1.46,1.56,1.27,5.12,5.12,5.08
6229.64,3.68,3.69,-1.31,-1.30,1.39,1.52,1.20,5.06,5.08,4.99
6291.93,3.69,3.69,-1.21,-1.22,1.33,1.44,1.13,5.02,5.02,4.90
6354.85,3.67,3.64,-1.15,-1.19,1.29,1.35,1.07,4.96,4.94,4.82
6418.40,3.52,3.55,-1.22,-1.21,1.27,1.23,1.00,4.79,4.81,4.74
6482.58,3.38,3.42,-1.29,-1.26,1.24,1.11,0.94,4.62,4.66,4.67
6547.41,3.22,3.32,-1.37,-1.29,1.20,0.99,0.88,4.42,4.52,4.59
6612.88,3.11,3.28,-1.40,-1.25,1.14,0.88,0.82,4.24,4.41,4.51
6679.01,3.12,3.30,-1.31,-1.15,1.04,0.77,0.76,4.16,4.34,4.43
6745.80,3.14,3.38,-1.21,-0.97,0.90,0.67,0.70,4.04,4.29,4.35
6813.26,3.26,3.51,-1.00,-0.76,0.74,0.59,0.64,4.00,4.25,4.26
6881.39,3.45,3.64,-0.71,-0.52,0.55,0.51,0.59,4.00,4.19,4.16
6950.21,3.70,3.78,-0.37,-0.29,0.35,0.43,0.54,4.05,4.13,4.07
7019.71,3.98,3.86,0.00,-0.11,0.17,0.37,0.48,4.15,4.03,3.98
7089.91,4.28,3.90,0.39,0.03,0.01,0.31,0.43,4.29,3.91,3.89
7160.81,4.51,3.89,0.72,0.13,-0.11,0.25,0.38,4.40,3.78,3.79
7232.41,4.85,3.85,1.17,0.20,-0.18,0.19,0.33,4.67,3.66,3.68
7304.74,5.31,3.77,1.74,0.24,-0.22,0.14,0.29,5.09,3.55,3.57
7377.79,5.77,3.67,2.31,0.25,-0.23,0.10,0.24,5.55,3.44,3.46
7451.56,6.17,3.52,2.82,0.22,-0.21,0.05,0.20,5.95,3.31,3.35
7526.08,6.41,3.36,3.17,0.18,-0.18,0.01,0.15,6.23,3.17,3.24
7601.34,6.44,3.18,3.30,0.12,-0.15,-0.03,0.11,6.29,3.03,3.14
7677.35,6.39,3.02,3.35,0.08,-0.12,-0.07,0.08,6.27,2.90,3.04
7754.13,6.12,2.88,3.18,0.06,-0.09,-0.11,0.04,6.03,2.78,2.94
7831.67,5.81,2.75,2.97,0.05,-0.07,-0.15,0.00,5.74,2.67,2.84
7909.98,5.46,2.63,2.72,0.06,-0.07,-0.19,-0.03,5.39,2.56,2.74
7989.08,5.14,2.51,2.50,0.07,-0.07,-0.22,-0.06,5.08,2.44,2.64
8068.98,4.96,2.40,2.43,0.08,-0.07,-0.26,-0.09,4.89,2.33,2.53
8149.67,4.82,2.28,2.40,0.09,-0.07,-0.30,-0.12,4.74,2.21,2.42
8231.16,4.62,2.16,2.32,0.09,-0.07,-0.33,-0.15,4.55,2.09,2.30
8313.47,4.43,2.02,2.24,0.08,-0.06,-0.37,-0.17,4.38,1.96,2.19
8396.61,4.26,1.86,2.18,0.05,-0.04,-0.40,-0.19,4.22,1.83,2.08
8480.57,4.08,1.70,2.11,0.01,-0.00,-0.44,-0.22,4.08,1.70,1.97
8565.38,3.90,1.53,2.06,-0.04,0.04,-0.48,-0.24,3.93,1.57,1.84
8651.03,3.54,1.35,1.83,-0.09,0.09,-0.51,-0.25,3.63,1.44,1.71
8737.54,3.20,1.17,1.62,-0.14,0.14,-0.55,-0.27,3.34,1.32,1.58
8824.92,2.50,0.99,1.05,-0.19,0.19,-0.58,-0.29,2.70,1.19,1.45
8913.17,1.65,0.82,0.33,-0.25,0.24,-0.62,-0.30,1.89,1.06,1.32
9002.30,0.47,0.65,-0.73,-0.29,0.28,-0.66,-0.32,0.75,0.93,1.20
9092.32,-0.70,0.49,-1.75,-0.32,0.31,-0.69,-0.33,-0.39,0.80,1.05
9183.25,-1.82,0.36,-2.72,-0.34,0.32,-0.73,-0.35,-1.49,0.69,0.90
9275.08,-2.96,0.24,-3.71,-0.34,0.33,-0.77,-0.36,-2.63,0.57,0.75
9367.83,-3.73,0.13,-4.34,-0.33,0.32,-0.80,-0.38,-3.41,0.46,0.61
9461.51,-4.42,0.04,-4.88,-0.31,0.31,-0.84,-0.39,-4.11,0.36,0.46
9556.12,-5.03,-0.04,-5.33,-0.28,0.30,-0.88,-0.40,-4.73,0.25,0.30
9651.68,-5.58,-0.13,-5.70,-0.26,0.28,-0.92,-0.42,-5.30,0.15,0.12
9748.20,-5.66,-0.22,-5.61,-0.24,0.26,-0.96,-0.43,-5.40,0.04,-0.05
9845.68,-5.19,-0.31,-4.96,-0.23,0.24,-0.99,-0.45,-4.96,-0.07,-0.23
9944.14,-3.92,-0.40,-3.52,-0.22,0.21,-1.03,-0.46,-3.71,-0.19,-0.40
10043.58,-2.72,-0.50,-2.15,-0.22,0.19,-1.07,-0.48,-2.53,-0.31,-0.57
10144.02,-2.07,-0.63,-1.33,-0.17,0.16,-1.11,-0.50,-1.91,-0.46,-0.74
10245.46,-1.77,-0.75,-0.86,-0.13,0.13,-1.15,-0.52,-1.64,-0.63,-0.91
10347.91,-2.16,-0.89,-1.08,-0.09,0.09,-1.19,-0.54,-2.07,-0.79,-1.08
10451.39,-3.11,-1.02,-1.86,-0.04,0.05,-1.22,-0.56,-3.07,-0.97,-1.25
10555.91,-4.58,-1.15,-3.16,0.00,0.00,-1.26,-0.58,-4.58,-1.15,-1.42
10661.46,-5.98,-1.28,-4.38,0.05,-0.05,-1.30,-0.60,-6.03,-1.33,-1.60
10768.08,-7.03,-1.42,-5.23,0.10,-0.10,-1.34,-0.63,-7.13,-1.52,-1.80
10875.76,-7.48,-1.56,-5.49,0.15,-0.15,-1.38,-0.65,-7.63,-1.71,-1.99
10984.52,-7.04,-1.69,-4.85,0.20,-0.20,-1.41,-0.68,-7.24,-1.89,-2.19
11094.36,-6.18,-1.83,-3.79,0.25,-0.25,-1.45,-0.71,-6.43,-2.09,-2.39
11205.31,-4.48,-1.97,-1.90,0.31,-0.31,-1.49,-0.74,-4.79,-2.28,-2.58
11317.36,-3.06,-2.11,-0.26,0.36,-0.36,-1.52,-0.78,-3.43,-2.47,-2.80
11430.53,-1.81,-2.26,1.21,0.42,-0.42,-1.56,-0.81,-2.23,-2.67,-3.02
11544.84,-0.72,-2.40,2.51,0.47,-0.47,-1.59,-0.85,-1.19,-2.87,-3.23
11660.29,0.36,-2.54,3.81,0.53,-0.53,-1.63,-0.89,-0.17,-3.08,-3.45
11776.89,1.13,-2.69,4.80,0.59,-0.59,-1.66,-0.93,0.54,-3.28,-3.67
11894.66,1.52,-2.84,5.38,0.65,-0.65,-1.70,-0.98,0.86,-3.49,-3.86
12013.60,1.71,-2.99,5.77,0.71,-0.71,-1.73,-1.03,1.00,-3.70,-4.06
12133.74,1.74,-3.14,5.99,0.78,-0.78,-1.76,-1.08,0.97,-3.91,-4.25
12255.08,1.54,-3.29,5.98,0.84,-0.84,-1.79,-1.14,0.70,-4.13,-4.44
12377.63,0.86,-3.44,5.49,0.91,-0.91,-1.82,-1.20,-0.04,-4.34,-4.63
12501.41,-0.11,-3.59,4.71,0.97,-0.97,-1.85,-1.27,-1.08,-4.56,-4.82
12626.42,-1.50,-3.75,3.51,1.04,-1.04,-1.88,-1.34,-2.54,-4.79,-5.01
12752.68,-3.13,-3.90,2.07,1.11,-1.11,-1.91,-1.41,-4.24,-5.01,-5.20
12880.21,-4.36,-4.06,1.03,1.18,-1.18,-1.93,-1.49,-5.54,-5.24,-5.39
13009.01,-7.00,-4.22,-1.42,1.25,-1.25,-1.96,-1.58,-8.25,-5.47,-5.58
13139.10,-8.81,-4.37,-3.04,1.32,-1.32,-1.98,-1.68,-10.14,-5.70,-5.77
13270.49,-9.67,-4.53,-3.72,1.40,-1.40,-2.01,-1.78,-11.07,-5.93,-5.95
13403.20,-9.80,-4.70,-3.70,1.47,-1.47,-2.03,-1.89,-11.27,-6.17,-6.10
13537.23,-8.18,-4.86,-1.92,1.55,-1.55,-2.05,-2.01,-9.72,-6.40,-6.26
13672.60,-7.17,-5.02,-0.75,1.62,-1.62,-2.08,-2.14,-8.79,-6.65,-6.42
13809.33,-5.46,-5.19,1.12,1.70,-1.70,-2.10,-2.28,-7.16,-6.89,-6.58
13947.42,-4.53,-5.35,2.21,1.78,-1.78,-2.12,-2.43,-6.32,-7.13,-6.74
14086.90,-3.69,-5.52,3.20,1.86,-1.86,-2.13,-2.59,-5.55,-7.38,-6.89
14227.77,-2.95,-5.69,4.07,1.94,-1.94,-2.15,-2.77,-4.90,-7.63,-7.02
14370.04,-2.51,-5.86,4.65,2.03,-2.03,-2.17,-2.95,-4.54,-7.89,-7.16
14513.74,-2.40,-6.03,4.90,2.11,-2.11,-2.18,-3.16,-4.51,-8.14,-7.30
14658.88,-2.34,-6.20,5.09,2.20,-2.20,-2.20,-3.37,-4.54,-8.40,-7.43
14805.47,-2.64,-6.37,4.93,2.28,-2.28,-2.21,-3.59,-4.92,-8.66,-7.57
14953.52,-4.02,-6.55,3.69,2.37,-2.37,-2.23,-3.81,-6.39,-8.92,-7.71
15103.06,-5.41,-6.72,2.47,2.46,-2.46,-2.24,-4.04,-7.87,-9.18,-7.88
15254.09,-7.16,-6.90,0.90,2.55,-2.55,-2.25,-4.27,-9.71,-9.45,-8.06
15406.63,-8.92,-7.08,-0.68,2.64,-2.64,-2.26,-4.47,-11.56,-9.72,-8.24
15560.70,-10.44,-7.26,-2.01,2.73,-2.73,-2.27,-4.65,-13.18,-9.99,-8.43
15716.30,-11.24,-7.44,-2.63,2.83,-2.83,-2.28,-4.79,-14.07,-10.27,-8.61
15873.47,-11.31,-7.62,-2.52,2.92,-2.92,-2.29,-4.88,-14.24,-10.54,-8.79
16032.20,-11.21,-7.80,-2.21,3.02,-3.02,-2.30,-4.89,-14.23,-10.82,-9.00
16192.52,-10.95,-7.99,-1.66,3.12,-3.12,-2.31,-4.85,-14.06,-11.10,-9.29
16354.45,-10.30,-8.17,-0.72,3.21,-3.21,-2.31,-4.71,-13.51,-11.39,-9.58
16517.99,-8.64,-8.36,1.23,3.31,-3.31,-2.32,-4.53,-11.96,-11.67,-9.87
16683.17,-7.37,-8.54,2.79,3.42,-3.42,-2.33,-4.26,-10.79,-11.96,-10.16
16850.01,-6.21,-8.73,4.24,3.52,-3.52,-2.33,-3.97,-9.73,-12.25,-10.45
17018.51,-5.27,-8.92,5.49,3.62,-3.62,-2.34,-3.64,-8.89,-12.54,-10.76
17188.69,-4.84,-9.11,6.40,3.73,-3.73,-2.34,-3.31,-8.57,-12.84,-11.24
17360.58,-4.37,-9.31,7.34,3.83,-3.83,-2.35,-2.98,-8.20,-13.14,-11.71
17534.18,-4.01,-9.50,8.18,3.94,-3.94,-2.35,-2.65,-7.95,-13.44,-12.19
17709.53,-4.08,-9.69,8.58,4.05,-4.05,-2.36,-2.35,-8.13,-13.74,-12.66
17886.62,-4.57,-9.89,8.57,4.15,-4.15,-2.36,-2.06,-8.73,-14.04,-13.14
18065.49,-6.14,-10.09,7.57,4.27,-4.27,-2.36,-1.80,-10.41,-14.35,-13.71
18246.14,-8.13,-10.28,6.32,4.38,-4.38,-2.36,-1.56,-12.51,-14.66,-14.45
18428.60,-9.48,-10.48,5.71,4.49,-4.49,-2.37,-1.35,-13.97,-14.97,-15.19
18612.89,-10.84,-10.68,5.10,4.60,-4.60,-2.37,-1.16,-15.44,-15.29,-15.94
18799.02,-13.14,-10.89,3.54,4.72,-4.72,-2.37,-0.99,-17.86,-15.60,-16.68
18987.01,-13.80,-11.09,3.62,4.83,-4.83,-2.37,-0.84,-18.64,-15.92,-17.42
19176.88,-14.52,-11.29,3.94,4.95,-4.95,-2.37,-0.71,-19.47,-16.24,-18.46
19368.65,-14.92,-11.50,4.61,5.07,-5.07,-2.37,-0.59,-19.99,-16.57,-19.53
19562.33,-15.22,-11.70,5.37,5.19,-5.19,-2.38,-0.49,-20.41,-16.89,-20.59
19757.96,-15.37,-11.91,6.29,5.31,-5.31,-2.38,-0.39,-20.68,-17.22,-21.66
19955.54,-15.48,-12.12,7.24,5.43,-5.43,-2.38,-0.29,-20.91,-17.55,-22.72
